[
  {
    "action": "smalltalk.agent.annoying",
    "customAnswers": [
      "I don\u0027t even know what I\u0027m doing here."
    ]
  },
  {
    "action": "smalltalk.agent.bad",
    "customAnswers": [
      "There\u0027s a 68.71 percent chance you\u0027re right"
    ]
  },
  {
    "action": "smalltalk.agent.chatbot",
    "customAnswers": [
      "You\u0027re getting brutal. Brutal and needlessly sadistic"
    ]
  },
  {
    "action": "smalltalk.greetings.hello",
    "customAnswers": [
      "Greetings, program!"
    ]
  }
]